method,noise_pm,sample_idx,plateau_step,final_fmax,cross_fmax_0.05,cross_fnorm_0.05,cross_fmax_0.01,cross_fnorm_0.01,cross_fmax_0.005,cross_fnorm_0.005,cross_fmax_0.001,cross_fnorm_0.001
gad_dt003_5k,10,0,62,0.009849116206169128,29.0,20.0,574.0,185.0,,,,
gad_dt003_5k,10,1,77,0.012319249100983143,26.0,19.0,,117.0,,,,
gad_dt003_5k,10,2,88,0.00968063436448574,32.0,23.0,99.0,83.0,,,,
gad_dt003_5k,10,3,122,0.00999967847019434,36.0,18.0,140.0,105.0,,,,
gad_dt003_5k,10,4,186,0.009523246437311172,32.0,26.0,209.0,139.0,,,,
gad_dt003_5k,10,5,155,0.009802378714084625,31.0,21.0,289.0,177.0,,,,
gad_dt003_5k,10,6,170,0.009780395776033401,29.0,23.0,193.0,92.0,,,,
gad_dt003_5k,10,7,68,0.00990927405655384,32.0,26.0,84.0,64.0,,,,
gad_dt003_5k,10,8,111,0.009953605011105537,52.0,27.0,123.0,99.0,,,,
gad_dt003_5k,10,9,53,0.02632475085556507,35.0,20.0,,,,,,
gad_dt003_5k,10,10,156,0.009944195859134197,25.0,19.0,195.0,105.0,,,,
gad_dt003_5k,10,11,108,0.009840328246355057,24.0,18.0,125.0,76.0,,,,
gad_dt003_5k,10,12,124,0.009816093370318413,36.0,26.0,153.0,87.0,,,,
gad_dt003_5k,10,13,60,0.017199410125613213,23.0,19.0,,101.0,,,,
gad_dt003_5k,10,14,107,0.009946242906153202,41.0,23.0,153.0,87.0,,,,
gad_dt003_5k,10,15,155,0.009831900708377361,28.0,23.0,205.0,83.0,,,,
gad_dt003_5k,10,16,133,0.009970324113965034,44.0,32.0,148.0,123.0,,,,
gad_dt003_5k,10,17,133,0.009331215173006058,31.0,18.0,202.0,109.0,,,,
gad_dt003_5k,10,18,92,0.009878664277493954,36.0,21.0,104.0,71.0,,,,
gad_dt003_5k,10,19,156,0.00999018270522356,35.0,26.0,187.0,113.0,,,,
gad_dt003_5k,10,20,82,0.009868341498076916,25.0,19.0,98.0,81.0,,,,
gad_dt003_5k,10,21,95,0.009913148358464241,31.0,27.0,124.0,79.0,,,,
gad_dt003_5k,10,22,111,0.00997544452548027,29.0,25.0,128.0,94.0,,,,
gad_dt003_5k,10,23,124,0.009995553642511368,44.0,24.0,135.0,89.0,,,,
gad_dt003_5k,10,24,64,0.05612623691558838,252.0,102.0,,,,,,
gad_dt003_5k,10,25,256,0.008946233429014683,29.0,21.0,305.0,117.0,,240.0,,
gad_dt003_5k,10,26,209,0.009904407896101475,38.0,21.0,261.0,117.0,,238.0,,
gad_dt003_5k,10,27,254,0.009837488643825054,24.0,17.0,305.0,174.0,,,,
gad_dt003_5k,10,28,75,0.009974484331905842,28.0,18.0,92.0,61.0,,,,
gad_dt003_5k,10,29,148,0.009935349225997925,68.0,20.0,161.0,94.0,,148.0,,
gad_dt003_5k,30,0,186,0.011261061765253544,62.0,51.0,,224.0,,,,
gad_dt003_5k,30,1,223,0.012305973097682,78.0,49.0,,364.0,,,,
gad_dt003_5k,30,2,175,0.009817807003855705,74.0,61.0,248.0,165.0,,,,
gad_dt003_5k,30,3,254,0.009898461401462555,100.0,68.0,319.0,193.0,,,,
gad_dt003_5k,30,4,282,0.009674513712525368,103.0,70.0,305.0,242.0,,,,
gad_dt003_5k,30,5,165,0.009749104268848896,94.0,55.0,504.0,317.0,,,,
gad_dt003_5k,30,6,277,0.009948362596333027,127.0,55.0,304.0,225.0,,,,
gad_dt003_5k,30,7,218,0.00960271805524826,57.0,49.0,252.0,162.0,,,,
gad_dt003_5k,30,8,249,0.00988167617470026,87.0,67.0,281.0,216.0,,,,
gad_dt003_5k,30,9,130,0.026212673634290695,111.0,71.0,,,,,,
gad_dt003_5k,30,10,285,0.009941981174051762,107.0,56.0,330.0,227.0,,,,
gad_dt003_5k,30,11,224,0.009947859682142735,87.0,43.0,257.0,234.0,,,,
gad_dt003_5k,30,12,275,0.009886319749057293,80.0,59.0,307.0,218.0,,,,
gad_dt003_5k,30,13,196,0.014833050779998302,53.0,44.0,,234.0,,,,
gad_dt003_5k,30,14,287,0.009950319305062294,77.0,52.0,315.0,227.0,,,,
gad_dt003_5k,30,15,395,0.009900685399770737,70.0,49.0,461.0,297.0,,,,
gad_dt003_5k,30,16,203,0.009379781782627106,93.0,75.0,214.0,188.0,,,,
gad_dt003_5k,30,17,172,0.009653075598180294,104.0,68.0,690.0,292.0,,,,
gad_dt003_5k,30,18,212,0.009837332181632519,80.0,50.0,239.0,179.0,,,,
gad_dt003_5k,30,19,309,0.009793677367269993,155.0,70.0,325.0,268.0,,,,
gad_dt003_5k,30,20,172,0.009990629740059376,61.0,52.0,201.0,165.0,,,,
gad_dt003_5k,30,21,176,0.009937022812664509,70.0,56.0,211.0,144.0,,,,
gad_dt003_5k,30,22,254,0.00989842601120472,97.0,65.0,298.0,215.0,,,,
gad_dt003_5k,30,23,277,0.009951974265277386,96.0,63.0,329.0,208.0,,,,
gad_dt003_5k,30,24,153,0.057202212512493134,363.0,173.0,,,,,,
gad_dt003_5k,30,25,378,0.009958750568330288,104.0,61.0,435.0,247.0,,,,
gad_dt003_5k,30,26,396,0.009996621869504452,135.0,66.0,550.0,314.0,,,,
gad_dt003_5k,30,27,507,0.00980676431208849,181.0,87.0,550.0,410.0,,,,
gad_dt003_5k,30,28,169,0.009978031739592552,55.0,41.0,207.0,154.0,,,,
gad_dt003_5k,30,29,211,0.009474805556237698,126.0,61.0,225.0,174.0,,,,
gad_dt003_5k,50,0,368,0.01136096566915512,86.0,69.0,,302.0,,,,
gad_dt003_5k,50,1,290,0.012299041263759136,115.0,75.0,,664.0,,,,
gad_dt003_5k,50,2,238,0.009997855871915817,97.0,84.0,456.0,243.0,,,,
gad_dt003_5k,50,3,77,0.09517967700958252,,122.0,,,,,,
gad_dt003_5k,50,4,406,0.009195813909173012,170.0,103.0,436.0,324.0,,,,
gad_dt003_5k,50,5,224,0.009812952019274235,157.0,94.0,641.0,417.0,,,,
gad_dt003_5k,50,6,334,0.009772772900760174,177.0,84.0,361.0,311.0,,,,
gad_dt003_5k,50,7,284,0.009977598674595356,95.0,64.0,312.0,250.0,,,,
gad_dt003_5k,50,8,332,0.009741299785673618,127.0,91.0,359.0,288.0,,,,
gad_dt003_5k,50,9,166,0.026814984157681465,151.0,109.0,,,,,,
gad_dt003_5k,50,10,372,0.00982306431978941,161.0,89.0,486.0,322.0,,,,
gad_dt003_5k,50,11,311,0.009512932039797306,131.0,66.0,352.0,342.0,,,,
gad_dt003_5k,50,12,388,0.009978296235203743,145.0,89.0,443.0,336.0,,,,
gad_dt003_5k,50,13,10,0.12959600985050201,,,,,,,,
gad_dt003_5k,50,14,376,0.009972327388823032,126.0,78.0,417.0,338.0,,,,
gad_dt003_5k,50,15,437,0.009942309930920601,178.0,74.0,634.0,441.0,,,,
gad_dt003_5k,50,16,236,0.009809009730815887,124.0,100.0,266.0,226.0,,,,
gad_dt003_5k,50,17,200,0.009959859773516655,152.0,101.0,981.0,507.0,,,,
gad_dt003_5k,50,18,272,0.00997217372059822,108.0,75.0,301.0,250.0,,,,
gad_dt003_5k,50,19,369,0.009956002235412598,213.0,117.0,420.0,343.0,,,,
gad_dt003_5k,50,20,238,0.009975950233638287,89.0,69.0,305.0,217.0,,,,
gad_dt003_5k,50,21,233,0.009974743239581585,92.0,74.0,355.0,275.0,,,,
gad_dt003_5k,50,22,397,0.009611846879124641,147.0,96.0,449.0,343.0,,,,
gad_dt003_5k,50,23,402,0.009958830662071705,128.0,89.0,466.0,288.0,,435.0,,
gad_dt003_5k,50,24,206,0.05570274591445923,445.0,221.0,,,,,,
gad_dt003_5k,50,25,453,0.009931003674864769,184.0,91.0,491.0,358.0,,,,
gad_dt003_5k,50,26,525,0.009927059523761272,259.0,104.0,707.0,492.0,,,,
gad_dt003_5k,50,27,591,0.009843909181654453,293.0,159.0,708.0,547.0,,,,
gad_dt003_5k,50,28,257,0.009899336844682693,88.0,61.0,311.0,215.0,,,,
gad_dt003_5k,50,29,256,0.009998969733715057,156.0,90.0,292.0,229.0,,,,
gad_dt003_5k,100,0,194,0.011660246178507805,153.0,109.0,,1075.0,,,,
gad_dt003_5k,100,1,344,0.012315137311816216,233.0,122.0,,1010.0,,,,
gad_dt003_5k,100,2,359,0.009986434131860733,161.0,129.0,1130.0,525.0,,965.0,,
gad_dt003_5k,100,3,117,0.09649761766195297,,185.0,,,,,,
gad_dt003_5k,100,4,486,0.009924126788973808,283.0,165.0,690.0,491.0,,,,
gad_dt003_5k,100,5,274,0.009121914394199848,273.0,184.0,867.0,624.0,,,,
gad_dt003_5k,100,6,382,0.009761638939380646,247.0,153.0,507.0,458.0,,,,
gad_dt003_5k,100,7,237,0.15831953287124634,,,,,,,,
gad_dt003_5k,100,8,430,0.009969710372388363,220.0,136.0,471.0,391.0,,,,
gad_dt003_5k,100,9,219,0.02722982130944729,209.0,165.0,,,,,,
gad_dt003_5k,100,10,396,0.009939239360392094,254.0,157.0,993.0,545.0,,,,
gad_dt003_5k,100,11,336,0.009400810115039349,209.0,154.0,674.0,524.0,,,,
gad_dt003_5k,100,12,434,0.009970919229090214,271.0,188.0,752.0,597.0,,,,
gad_dt003_5k,100,13,136,0.13361941277980804,,,,,,,,
gad_dt003_5k,100,14,512,0.009874559938907623,245.0,166.0,563.0,498.0,,,,
gad_dt003_5k,100,15,483,0.00999550148844719,320.0,177.0,905.0,681.0,,,,
gad_dt003_5k,100,16,315,0.009997534565627575,169.0,143.0,347.0,294.0,,,,
gad_dt003_5k,100,17,193,0.09950217604637146,,426.0,,,,,,
gad_dt003_5k,100,18,381,0.009838610887527466,183.0,141.0,452.0,360.0,,,,
gad_dt003_5k,100,19,549,0.009948107413947582,281.0,204.0,602.0,451.0,,595.0,,
gad_dt003_5k,100,20,216,0.014535469934344292,2308.0,680.0,,,,,,
gad_dt003_5k,100,21,262,0.0099510308355093,131.0,102.0,792.0,574.0,,,,
gad_dt003_5k,100,22,510,0.009740053676068783,231.0,168.0,697.0,608.0,,,,
gad_dt003_5k,100,23,594,0.009850588627159595,252.0,172.0,699.0,512.0,,,,
gad_dt003_5k,100,24,289,0.05659094825387001,,303.0,,,,,,
gad_dt003_5k,100,25,526,0.00999500509351492,318.0,154.0,754.0,531.0,,,,
gad_dt003_5k,100,26,836,0.00972038134932518,536.0,212.0,1009.0,846.0,,,,
gad_dt003_5k,100,27,780,0.009847135283052921,479.0,315.0,958.0,795.0,,,,
gad_dt003_5k,100,28,146,2.043043851852417,,,,,,,,
gad_dt003_5k,100,29,78,0.0848308578133583,,976.0,,,,,,
gad_dt003_5k,150,0,181,1.1915019750595093,,,,,,,,
gad_dt003_5k,150,1,313,0.025676531717181206,284.0,165.0,,,,,,
gad_dt003_5k,150,2,253,0.1528841108083725,,,,,,,,
gad_dt003_5k,150,3,160,0.09630893170833588,,291.0,,,,,,
gad_dt003_5k,150,4,516,0.009836920537054539,379.0,229.0,991.0,699.0,,,,
gad_dt003_5k,150,5,308,0.00987413339316845,402.0,257.0,1025.0,768.0,,,,
gad_dt003_5k,150,6,407,0.009929905645549297,290.0,212.0,656.0,578.0,,,,
gad_dt003_5k,150,7,217,0.1777118593454361,,,,,,,,
gad_dt003_5k,150,8,489,0.009990879334509373,273.0,170.0,526.0,444.0,,,,
gad_dt003_5k,150,9,252,0.028363080695271492,247.0,207.0,,,,,,
gad_dt003_5k,150,10,21,3.3891940116882324,,,,,,,,
gad_dt003_5k,150,11,354,0.009952987544238567,276.0,243.0,924.0,683.0,,,,
gad_dt003_5k,150,12,235,0.05963969603180885,,1073.0,,,,,,
gad_dt003_5k,150,13,149,0.13396607339382172,,,,,,,,
gad_dt003_5k,150,14,136,1.7856097221374512,,,,,,,,
gad_dt003_5k,150,15,431,0.011052777990698814,1183.0,737.0,,2561.0,,,,
gad_dt003_5k,150,16,367,0.009932353161275387,201.0,173.0,413.0,337.0,,,,
gad_dt003_5k,150,17,196,0.09588592499494553,,498.0,,,,,,
gad_dt003_5k,150,18,368,0.009889817796647549,237.0,192.0,619.0,439.0,,,,
gad_dt003_5k,150,19,655,0.009934213943779469,327.0,253.0,709.0,537.0,,,,
gad_dt003_5k,150,20,68,0.08284223824739456,,707.0,,,,,,
gad_dt003_5k,150,21,276,0.009928909130394459,176.0,122.0,1141.0,822.0,,,,
gad_dt003_5k,150,22,435,0.009962690062820911,1030.0,772.0,1725.0,1494.0,,,,
gad_dt003_5k,150,23,663,0.009943068027496338,536.0,421.0,1203.0,914.0,,,,
gad_dt003_5k,150,24,348,0.05581824481487274,,361.0,,,,,,
gad_dt003_5k,150,25,639,0.00999358482658863,394.0,227.0,881.0,635.0,,,,
gad_dt003_5k,150,26,140,0.016143443062901497,3583.0,748.0,,4472.0,,,,
gad_dt003_5k,150,27,130,0.00972256064414978,618.0,442.0,1144.0,981.0,,,,
gad_dt003_5k,150,28,6,1.5783511400222778,,,,,,,,
gad_dt003_5k,150,29,411,0.009974164888262749,283.0,224.0,1135.0,640.0,,,,
gad_dt003_5k,200,0,85,1.2249372005462646,,,,,,,,
gad_dt003_5k,200,1,327,0.025776036083698273,369.0,224.0,,,,,,
gad_dt003_5k,200,2,304,0.1504756212234497,,,,,,,,
gad_dt003_5k,200,3,197,0.09796726703643799,,385.0,,,,,,
gad_dt003_5k,200,4,531,0.009955799207091331,462.0,289.0,1204.0,883.0,,,,
gad_dt003_5k,200,5,222,0.0449051596224308,4576.0,2005.0,,,,,,
gad_dt003_5k,200,6,452,0.0098061952739954,322.0,264.0,818.0,677.0,,,,
gad_dt003_5k,200,7,241,0.1677001267671585,,,,,,,,
gad_dt003_5k,200,8,539,0.00997202843427658,328.0,215.0,575.0,494.0,,,,
gad_dt003_5k,200,9,281,0.027550362050533295,276.0,240.0,,,,,,
gad_dt003_5k,200,10,57,3.897848606109619,,,,,,,,
gad_dt003_5k,200,11,369,0.009804002940654755,330.0,312.0,1104.0,806.0,,,,
gad_dt003_5k,200,12,204,0.05902734771370888,,1056.0,,,,,,
gad_dt003_5k,200,13,186,0.13663768768310547,,,,,,,,
gad_dt003_5k,200,14,8,0.14542128145694733,,,,,,,,
gad_dt003_5k,200,15,450,0.012576932087540627,1204.0,745.0,,2531.0,,,,
gad_dt003_5k,200,16,407,0.009903636761009693,219.0,193.0,453.0,365.0,,,,
gad_dt003_5k,200,17,211,0.0923992320895195,,572.0,,,,,,
gad_dt003_5k,200,18,50,1.2530521154403687,,,,,,,,
gad_dt003_5k,200,19,356,0.08608657866716385,2098.0,1111.0,,,,,,
gad_dt003_5k,200,20,48,1.2533336877822876,,,,,,,,
gad_dt003_5k,200,21,275,0.00989439059048891,270.0,141.0,1373.0,1016.0,,,,
gad_dt003_5k,200,22,440,0.009989679791033268,1066.0,821.0,1766.0,1552.0,,,,
gad_dt003_5k,200,23,156,0.022351127117872238,3288.0,2854.0,,,,,,
gad_dt003_5k,200,24,401,0.055688466876745224,,412.0,,,,,,
gad_dt003_5k,200,25,62,0.049373384565114975,4954.0,1784.0,,,,,,
gad_dt003_5k,200,26,181,0.016017017886042595,3336.0,898.0,,4266.0,,,,
gad_dt003_5k,200,27,157,0.009663375094532967,733.0,555.0,1301.0,1132.0,,,,
gad_dt003_5k,200,28,24,1.6800739765167236,,,,,,,,
gad_dt003_5k,200,29,66,0.009969598613679409,341.0,299.0,1247.0,980.0,,,,
gad_dt005_5k,10,0,187,0.00979282334446907,17.0,12.0,342.0,110.0,,,,
gad_dt005_5k,10,1,47,0.012167248874902725,16.0,11.0,,70.0,,,,
gad_dt005_5k,10,2,54,0.009439834393560886,19.0,14.0,60.0,49.0,,,,
gad_dt005_5k,10,3,75,0.009931070730090141,22.0,11.0,84.0,63.0,,,,
gad_dt005_5k,10,4,107,0.00997235719114542,20.0,15.0,122.0,82.0,,,,
gad_dt005_5k,10,5,143,0.009652798995375633,18.0,13.0,174.0,105.0,,,,
gad_dt005_5k,10,6,101,0.00994353648275137,18.0,13.0,115.0,55.0,,,,
gad_dt005_5k,10,7,41,0.009909179992973804,19.0,16.0,51.0,38.0,,,,
gad_dt005_5k,10,8,68,0.009111073799431324,31.0,16.0,77.0,59.0,,,,
gad_dt005_5k,10,9,27,0.025554480031132698,21.0,12.0,,,,,,
gad_dt005_5k,10,10,99,0.009941548109054565,15.0,12.0,115.0,62.0,,,,
gad_dt005_5k,10,11,65,0.009656055830419064,14.0,11.0,75.0,46.0,,,,
gad_dt005_5k,10,12,75,0.009825671091675758,22.0,16.0,91.0,53.0,,,,
gad_dt005_5k,10,13,31,0.015236045233905315,13.0,11.0,,63.0,,,,
gad_dt005_5k,10,14,65,0.009996647015213966,24.0,13.0,89.0,52.0,,,,
gad_dt005_5k,10,15,92,0.009954106993973255,17.0,14.0,122.0,50.0,,,,
gad_dt005_5k,10,16,85,0.009077516384422779,26.0,19.0,94.0,74.0,,,,
gad_dt005_5k,10,17,76,0.009828060865402222,19.0,11.0,111.0,65.0,,,,
gad_dt005_5k,10,18,56,0.009756393730640411,22.0,13.0,62.0,43.0,,,,
gad_dt005_5k,10,19,95,0.00970673281699419,21.0,16.0,115.0,67.0,,,,
gad_dt005_5k,10,20,49,0.009930601343512535,15.0,11.0,58.0,47.0,,,,
gad_dt005_5k,10,21,60,0.009743321686983109,18.0,16.0,74.0,48.0,,,,
gad_dt005_5k,10,22,67,0.009877457283437252,17.0,15.0,77.0,56.0,,,,
gad_dt005_5k,10,23,74,0.00990984309464693,26.0,14.0,84.0,53.0,,,,
gad_dt005_5k,10,24,45,0.05551940202713013,151.0,61.0,,,,,,
gad_dt005_5k,10,25,156,0.00962116289883852,18.0,12.0,178.0,70.0,,150.0,,
gad_dt005_5k,10,26,119,0.009975620545446873,23.0,12.0,150.0,68.0,,144.0,,
gad_dt005_5k,10,27,159,0.009740516543388367,15.0,10.0,184.0,104.0,,,,
gad_dt005_5k,10,28,49,0.009258764795958996,17.0,10.0,55.0,36.0,,,,
gad_dt005_5k,10,29,92,0.00969603005796671,40.0,12.0,96.0,56.0,,91.0,,
gad_dt005_5k,30,0,238,0.011178797110915184,37.0,30.0,,137.0,,,,
gad_dt005_5k,30,1,138,0.012310443446040154,47.0,29.0,,223.0,,,,
gad_dt005_5k,30,2,100,0.009898296557366848,44.0,36.0,144.0,100.0,,,,
gad_dt005_5k,30,3,149,0.009967713616788387,60.0,41.0,191.0,117.0,,,,
gad_dt005_5k,30,4,177,0.009396824985742569,61.0,42.0,194.0,144.0,,,,
gad_dt005_5k,30,5,252,0.009748493321239948,56.0,33.0,299.0,187.0,,,,
gad_dt005_5k,30,6,167,0.009715071879327297,76.0,33.0,183.0,134.0,,,,
gad_dt005_5k,30,7,132,0.00982563104480505,34.0,29.0,148.0,97.0,,,,
gad_dt005_5k,30,8,149,0.00986577570438385,52.0,40.0,163.0,129.0,,,,
gad_dt005_5k,30,9,75,0.025707002729177475,68.0,42.0,,,,,,
gad_dt005_5k,30,10,178,0.009609908796846867,63.0,33.0,206.0,136.0,,,,
gad_dt005_5k,30,11,135,0.009921791031956673,52.0,26.0,153.0,141.0,,,,
gad_dt005_5k,30,12,163,0.00985603779554367,48.0,35.0,186.0,133.0,,,,
gad_dt005_5k,30,13,102,0.01609664037823677,33.0,26.0,,135.0,,,,
gad_dt005_5k,30,14,175,0.009888600558042526,46.0,31.0,194.0,139.0,,,,
gad_dt005_5k,30,15,235,0.009996707551181316,41.0,29.0,279.0,180.0,,,,
gad_dt005_5k,30,16,120,0.009588206186890602,55.0,45.0,132.0,112.0,,,,
gad_dt005_5k,30,17,146,0.00988029595464468,62.0,41.0,384.0,172.0,,,,
gad_dt005_5k,30,18,125,0.009936746209859848,48.0,30.0,142.0,106.0,,,,
gad_dt005_5k,30,19,185,0.009531814604997635,92.0,42.0,192.0,160.0,,,,
gad_dt005_5k,30,20,103,0.009988565929234028,37.0,31.0,124.0,100.0,,,,
gad_dt005_5k,30,21,106,0.009941574186086655,42.0,34.0,125.0,88.0,,,,
gad_dt005_5k,30,22,154,0.009443322196602821,58.0,39.0,187.0,132.0,,,,
gad_dt005_5k,30,23,170,0.009755389764904976,57.0,37.0,200.0,124.0,,,,
gad_dt005_5k,30,24,95,0.05518084019422531,215.0,103.0,,,,,,
gad_dt005_5k,30,25,232,0.009936271235346794,64.0,37.0,262.0,147.0,,,,
gad_dt005_5k,30,26,303,0.009669425897300243,82.0,39.0,330.0,192.0,,,,
gad_dt005_5k,30,27,303,0.009945561178028584,108.0,53.0,334.0,245.0,,,,
gad_dt005_5k,30,28,101,0.009998234920203686,33.0,24.0,123.0,92.0,,,,
gad_dt005_5k,30,29,128,0.009813755750656128,75.0,36.0,133.0,104.0,,,,
gad_dt005_5k,50,0,217,0.011292778886854649,51.0,41.0,,181.0,,,,
gad_dt005_5k,50,1,200,0.012308328412473202,69.0,45.0,,387.0,,,,
gad_dt005_5k,50,2,226,0.009969362989068031,57.0,50.0,275.0,146.0,,,,
gad_dt005_5k,50,3,46,0.09345657378435135,,73.0,,,,,,
gad_dt005_5k,50,4,243,0.009098196402192116,105.0,61.0,262.0,190.0,,,,
gad_dt005_5k,50,5,354,0.009291362948715687,94.0,56.0,385.0,253.0,,,,
gad_dt005_5k,50,6,202,0.009386206977069378,106.0,50.0,219.0,184.0,,,,
gad_dt005_5k,50,7,172,0.009755605831742287,57.0,38.0,196.0,149.0,,,,
gad_dt005_5k,50,8,197,0.009932896122336388,76.0,55.0,215.0,174.0,,,,
gad_dt005_5k,50,9,100,0.025674082338809967,91.0,64.0,,,,,,
gad_dt005_5k,50,10,249,0.009474219754338264,98.0,53.0,295.0,192.0,,,,
gad_dt005_5k,50,11,182,0.009951621294021606,78.0,40.0,205.0,205.0,,,,
gad_dt005_5k,50,12,234,0.009967811405658722,90.0,54.0,270.0,205.0,,,,
gad_dt005_5k,50,13,88,0.12868109345436096,,,,,,,,
gad_dt005_5k,50,14,224,0.009966762736439705,76.0,47.0,250.0,199.0,,,,
gad_dt005_5k,50,15,334,0.009753153659403324,108.0,44.0,382.0,266.0,,,,
gad_dt005_5k,50,16,139,0.009857789613306522,74.0,60.0,157.0,136.0,,,,
gad_dt005_5k,50,17,150,0.009654277004301548,92.0,61.0,592.0,299.0,,,,
gad_dt005_5k,50,18,163,0.009861815720796585,64.0,45.0,181.0,151.0,,,,
gad_dt005_5k,50,19,222,0.00994515884667635,130.0,70.0,253.0,206.0,,,,
gad_dt005_5k,50,20,145,0.009864799678325653,53.0,42.0,181.0,130.0,,,,
gad_dt005_5k,50,21,162,0.009999570436775684,55.0,44.0,213.0,166.0,,,,
gad_dt005_5k,50,22,234,0.009756384417414665,88.0,58.0,270.0,206.0,,,,
gad_dt005_5k,50,23,241,0.009942115284502506,76.0,54.0,278.0,172.0,,259.0,,
gad_dt005_5k,50,24,127,0.05654633417725563,293.0,133.0,,,,,,
gad_dt005_5k,50,25,284,0.009699451737105846,109.0,54.0,299.0,215.0,,,,
gad_dt005_5k,50,26,410,0.009391539730131626,155.0,62.0,432.0,299.0,,,,
gad_dt005_5k,50,27,376,0.009858737699687481,177.0,96.0,423.0,329.0,,,,
gad_dt005_5k,50,28,153,0.009829692542552948,53.0,36.0,184.0,128.0,,,,
gad_dt005_5k,50,29,155,0.009798549115657806,94.0,54.0,179.0,137.0,,,,
gad_dt005_5k,100,0,124,0.011618251912295818,92.0,65.0,,632.0,,,,
gad_dt005_5k,100,1,315,0.012294032610952854,140.0,73.0,,622.0,,,,
gad_dt005_5k,100,2,345,0.009973938576877117,96.0,77.0,678.0,314.0,,571.0,,
gad_dt005_5k,100,3,71,0.0949753150343895,,111.0,,,,,,
gad_dt005_5k,100,4,379,0.009923266246914864,172.0,100.0,430.0,297.0,,,,
gad_dt005_5k,100,5,467,0.009935518726706505,163.0,110.0,515.0,375.0,,,,
gad_dt005_5k,100,6,256,0.009633349254727364,149.0,92.0,311.0,276.0,,,,
gad_dt005_5k,100,7,167,0.1603628396987915,,,,,,,,
gad_dt005_5k,100,8,259,0.009944459423422813,131.0,82.0,276.0,235.0,,,,
gad_dt005_5k,100,9,133,0.025832386687397957,126.0,100.0,,,,,,
gad_dt005_5k,100,10,295,0.00992360059171915,153.0,95.0,606.0,329.0,,,,
gad_dt005_5k,100,11,213,0.009535481221973896,125.0,93.0,413.0,316.0,,,,
gad_dt005_5k,100,12,394,0.009916342794895172,164.0,113.0,459.0,358.0,,,,
gad_dt005_5k,100,13,91,0.1338762789964676,,,,,,,,
gad_dt005_5k,100,14,304,0.009990153834223747,148.0,99.0,337.0,299.0,,,,
gad_dt005_5k,100,15,487,0.009950258769094944,193.0,107.0,538.0,411.0,,,,
gad_dt005_5k,100,16,190,0.00995344016700983,101.0,86.0,207.0,176.0,,,,
gad_dt005_5k,100,17,247,0.11528468877077103,,255.0,,,,,,
gad_dt005_5k,100,18,241,0.008994563482701778,110.0,84.0,281.0,216.0,,,,
gad_dt005_5k,100,19,331,0.009877553209662437,169.0,123.0,363.0,272.0,,359.0,,
gad_dt005_5k,100,20,207,0.011422672308981419,1346.0,408.0,3710.0,3498.0,,,,
gad_dt005_5k,100,21,250,0.009982490912079811,79.0,61.0,471.0,341.0,,,,
gad_dt005_5k,100,22,388,0.009457939304411411,138.0,101.0,430.0,369.0,,,,
gad_dt005_5k,100,23,372,0.009992354549467564,151.0,106.0,428.0,313.0,,,,
gad_dt005_5k,100,24,176,0.05690222233533859,,181.0,,,,,,
gad_dt005_5k,100,25,327,0.00998244434595108,188.0,93.0,452.0,316.0,,,,
gad_dt005_5k,100,26,573,0.009977155365049839,328.0,128.0,602.0,514.0,,,,
gad_dt005_5k,100,27,534,0.009744969196617603,287.0,190.0,581.0,478.0,,,,
gad_dt005_5k,100,28,1,2.044497489929199,,,,,,,,
gad_dt005_5k,100,29,171,0.08735287189483643,,584.0,,,,,,
gad_dt005_5k,150,0,76,2.0078177452087402,,,,,,,,
gad_dt005_5k,150,1,240,0.025712966918945312,170.0,98.0,,,,,,
gad_dt005_5k,150,2,162,0.1493154615163803,,,,,,,,
gad_dt005_5k,150,3,96,0.09702334553003311,,178.0,,,,,,
gad_dt005_5k,150,4,411,0.009816999547183514,228.0,137.0,595.0,417.0,,,,
gad_dt005_5k,150,5,564,0.00982492882758379,243.0,155.0,614.0,457.0,,,,
gad_dt005_5k,150,6,289,0.009670131839811802,174.0,127.0,405.0,345.0,,,,
gad_dt005_5k,150,7,132,0.1574711948633194,,,,,,,,
gad_dt005_5k,150,8,294,0.009823314845561981,165.0,102.0,315.0,269.0,,,,
gad_dt005_5k,150,9,153,0.027500169351696968,147.0,123.0,,,,,,
gad_dt005_5k,150,10,108,3.4400734901428223,,,,,,,,
gad_dt005_5k,150,11,224,0.0097685307264328,167.0,148.0,563.0,415.0,,,,
gad_dt005_5k,150,12,140,0.060349173843860626,,647.0,,,,,,
gad_dt005_5k,150,13,109,0.13320046663284302,,,,,,,,
gad_dt005_5k,150,14,58,1.6953455209732056,,,,,,,,
gad_dt005_5k,150,15,590,0.00995485670864582,270.0,187.0,708.0,544.0,,,,
gad_dt005_5k,150,16,221,0.009732977487146854,121.0,104.0,245.0,202.0,,,,
gad_dt005_5k,150,17,136,0.11220595985651016,,303.0,,,,,,
gad_dt005_5k,150,18,318,0.009889459237456322,142.0,115.0,374.0,265.0,,,,
gad_dt005_5k,150,19,392,0.0099851218983531,197.0,153.0,425.0,321.0,,,,
gad_dt005_5k,150,20,150,0.08230689913034439,,421.0,,,,,,
gad_dt005_5k,150,21,293,0.009976350702345371,106.0,73.0,682.0,494.0,,,,
gad_dt005_5k,150,22,977,0.009989533573389053,618.0,463.0,1034.0,895.0,,,,
gad_dt005_5k,150,23,515,0.009944146499037743,320.0,254.0,691.0,539.0,,,,
gad_dt005_5k,150,24,212,0.05499732494354248,,217.0,,,,,,
gad_dt005_5k,150,25,444,0.009954618290066719,237.0,136.0,528.0,382.0,,,,
gad_dt005_5k,150,26,79,0.013665097765624523,2148.0,451.0,,2706.0,,,,
gad_dt005_5k,150,27,632,0.009989071637392044,369.0,266.0,687.0,587.0,,,,
gad_dt005_5k,150,28,11,1.9270285367965698,,,,,,,,
gad_dt005_5k,150,29,282,0.009603120386600494,171.0,134.0,715.0,377.0,,,,
gad_dt005_5k,200,0,46,1.1887365579605103,,,,,,,,
gad_dt005_5k,200,1,296,0.025817248970270157,217.0,135.0,,,,,,
gad_dt005_5k,200,2,166,0.15180180966854095,,,,,,,,
gad_dt005_5k,200,3,118,0.09651359915733337,,232.0,,,,,,
gad_dt005_5k,200,4,409,0.009906644932925701,280.0,173.0,713.0,534.0,,,,
gad_dt005_5k,200,5,205,0.01765548437833786,2748.0,1198.0,,,,,,
gad_dt005_5k,200,6,326,0.009106042794883251,193.0,159.0,514.0,414.0,,,,
gad_dt005_5k,200,7,149,0.15655028820037842,,,,,,,,
gad_dt005_5k,200,8,324,0.009888367727398872,197.0,129.0,348.0,295.0,,,,
gad_dt005_5k,200,9,170,0.028335051611065865,166.0,143.0,,,,,,
gad_dt005_5k,200,10,0,4.8545074462890625,,,,,,,,
gad_dt005_5k,200,11,243,0.009910167194902897,201.0,191.0,650.0,482.0,,,,
gad_dt005_5k,200,12,122,0.0624883808195591,,637.0,,,,,,
gad_dt005_5k,200,13,135,0.13386334478855133,,,,,,,,
gad_dt005_5k,200,14,11,0.15044131875038147,,,,,,,,
gad_dt005_5k,200,15,280,0.009994185529649258,724.0,448.0,4438.0,1516.0,,3891.0,,
gad_dt005_5k,200,16,245,0.00992499478161335,132.0,115.0,270.0,219.0,,,,
gad_dt005_5k,200,17,204,0.1114475354552269,,337.0,,,,,,
gad_dt005_5k,200,18,22,0.734595000743866,,,,,,,,
gad_dt005_5k,200,19,488,0.016087405383586884,1259.0,669.0,,4460.0,,,,
gad_dt005_5k,200,20,27,1.3574914932250977,,,,,,,,
gad_dt005_5k,200,21,310,0.009927140548825264,164.0,85.0,831.0,619.0,,,,
gad_dt005_5k,200,22,1005,0.009938850998878479,641.0,498.0,1063.0,938.0,,,,
gad_dt005_5k,200,23,86,0.024272000417113304,1975.0,1716.0,,3036.0,,,,
gad_dt005_5k,200,24,244,0.05589420720934868,,248.0,,,,,,
gad_dt005_5k,200,25,39,0.036161769181489944,2947.0,1085.0,,,,,,
gad_dt005_5k,200,26,72,0.013307970948517323,1981.0,539.0,,2551.0,,,,
gad_dt005_5k,200,27,108,0.00994703359901905,443.0,332.0,780.0,678.0,,,,
gad_dt005_5k,200,28,8,1.6345562934875488,,,,,,,,
gad_dt005_5k,200,29,343,0.009996583685278893,205.0,180.0,743.0,585.0,,,,
gad_dt007_5k,10,0,177,0.00986147578805685,12.0,8.0,257.0,80.0,,,,
gad_dt007_5k,10,1,36,0.011776584200561047,11.0,8.0,,50.0,,,,
gad_dt007_5k,10,2,38,0.009870456531643867,14.0,10.0,42.0,35.0,,,,
gad_dt007_5k,10,3,53,0.009891833178699017,15.0,8.0,60.0,45.0,,,,
gad_dt007_5k,10,4,76,0.009655251167714596,14.0,11.0,90.0,60.0,,,,
gad_dt007_5k,10,5,107,0.009870543144643307,13.0,9.0,121.0,76.0,,,,
gad_dt007_5k,10,6,71,0.009913720190525055,13.0,10.0,82.0,40.0,,,,
gad_dt007_5k,10,7,29,0.009902836754918098,13.0,11.0,36.0,27.0,,,,
gad_dt007_5k,10,8,46,0.009911385364830494,22.0,12.0,53.0,42.0,,,,
gad_dt007_5k,10,9,20,0.026500245556235313,15.0,8.0,,,,,,
gad_dt007_5k,10,10,68,0.009953378699719906,11.0,8.0,86.0,44.0,,,,
gad_dt007_5k,10,11,45,0.009817138314247131,10.0,7.0,53.0,33.0,,,,
gad_dt007_5k,10,12,54,0.00987498089671135,16.0,11.0,64.0,37.0,,,,
gad_dt007_5k,10,13,33,0.01730804145336151,26.0,21.0,,41.0,,,,
gad_dt007_5k,10,14,51,0.009946677833795547,17.0,10.0,63.0,37.0,,,,
gad_dt007_5k,10,15,65,0.00989196915179491,12.0,10.0,87.0,36.0,,,,
gad_dt007_5k,10,16,60,0.009534265846014023,18.0,14.0,65.0,52.0,,,,
gad_dt007_5k,10,17,54,0.009916427545249462,13.0,8.0,71.0,46.0,,,,
gad_dt007_5k,10,18,39,0.009833241812884808,15.0,9.0,44.0,31.0,,,,
gad_dt007_5k,10,19,69,0.009894054383039474,15.0,11.0,81.0,48.0,,,,
gad_dt007_5k,10,20,35,0.00995288509875536,10.0,8.0,41.0,34.0,,,,
gad_dt007_5k,10,21,44,0.009627828374505043,13.0,11.0,55.0,33.0,,,,
gad_dt007_5k,10,22,48,0.009777597151696682,12.0,11.0,55.0,41.0,,,,
gad_dt007_5k,10,23,52,0.009819988161325455,19.0,10.0,59.0,38.0,,,,
gad_dt007_5k,10,24,35,0.05831816792488098,112.0,45.0,,,,,,
gad_dt007_5k,10,25,110,0.009826463647186756,13.0,9.0,129.0,50.0,,99.0,,
gad_dt007_5k,10,26,86,0.009730713441967964,16.0,9.0,112.0,50.0,,104.0,,
gad_dt007_5k,10,27,116,0.0095389224588871,19.0,13.0,132.0,74.0,,,,
gad_dt007_5k,10,28,83,0.008847621269524097,57.0,35.0,83.0,69.0,,82.0,,
gad_dt007_5k,10,29,64,0.009836885146796703,29.0,8.0,69.0,40.0,,64.0,,
gad_dt007_5k,30,0,169,0.01117810420691967,27.0,22.0,,98.0,,,,
gad_dt007_5k,30,1,100,0.012318108230829239,33.0,21.0,,161.0,,,,
gad_dt007_5k,30,2,74,0.009931342676281929,31.0,26.0,107.0,70.0,,,,
gad_dt007_5k,30,3,109,0.009841283783316612,43.0,29.0,133.0,84.0,,,,
gad_dt007_5k,30,4,125,0.009311431087553501,44.0,30.0,133.0,103.0,,,,
gad_dt007_5k,30,5,190,0.009873718023300171,40.0,24.0,222.0,136.0,,,,
gad_dt007_5k,30,6,120,0.009695831686258316,54.0,23.0,130.0,96.0,,,,
gad_dt007_5k,30,7,95,0.009763747453689575,24.0,20.0,105.0,70.0,,,,
gad_dt007_5k,30,8,106,0.009923101402819157,37.0,29.0,121.0,92.0,,,,
gad_dt007_5k,30,9,53,0.02608596347272396,48.0,30.0,,,,,,
gad_dt007_5k,30,10,125,0.009988754987716675,45.0,24.0,144.0,99.0,,,,
gad_dt007_5k,30,11,95,0.009957840666174889,37.0,18.0,109.0,100.0,,,,
gad_dt007_5k,30,12,124,0.00917709618806839,36.0,25.0,135.0,95.0,,,,
gad_dt007_5k,30,13,61,0.016339706256985664,30.0,26.0,,90.0,,,,
gad_dt007_5k,30,14,124,0.009862749837338924,33.0,22.0,143.0,101.0,,,,
gad_dt007_5k,30,15,169,0.009977010078728199,29.0,20.0,198.0,126.0,,,,
gad_dt007_5k,30,16,88,0.009130116552114487,40.0,32.0,92.0,80.0,,,,
gad_dt007_5k,30,17,191,0.009833485819399357,44.0,29.0,301.0,125.0,,,,
gad_dt007_5k,30,18,90,0.009785178117454052,34.0,21.0,102.0,76.0,,,,
gad_dt007_5k,30,19,133,0.009262199513614178,68.0,30.0,141.0,115.0,,,,
gad_dt007_5k,30,20,74,0.00995329488068819,26.0,22.0,91.0,72.0,,,,
gad_dt007_5k,30,21,77,0.009815159253776073,30.0,24.0,90.0,62.0,,,,
gad_dt007_5k,30,22,106,0.009781698696315289,41.0,28.0,136.0,93.0,,,,
gad_dt007_5k,30,23,120,0.009987943805754185,41.0,27.0,143.0,89.0,,,,
gad_dt007_5k,30,24,72,0.05544138699769974,174.0,78.0,,,,,,
gad_dt007_5k,30,25,169,0.009716976433992386,48.0,26.0,193.0,106.0,,,,
gad_dt007_5k,30,26,211,0.00986372772604227,58.0,28.0,239.0,135.0,,,,
gad_dt007_5k,30,27,220,0.009511462412774563,78.0,38.0,239.0,176.0,,,,
gad_dt007_5k,30,28,94,0.008685767650604248,65.0,46.0,96.0,86.0,,,,
gad_dt007_5k,30,29,90,0.009701739996671677,54.0,26.0,96.0,74.0,,,,
gad_dt007_5k,50,0,155,0.011291793547570705,36.0,29.0,,129.0,,,,
gad_dt007_5k,50,1,145,0.012313432060182095,49.0,32.0,,288.0,,,,
gad_dt007_5k,50,2,168,0.009677554480731487,41.0,36.0,200.0,104.0,,,,
gad_dt007_5k,50,3,33,0.09529507905244827,,51.0,,,,,,
gad_dt007_5k,50,4,166,0.009774204343557358,72.0,44.0,179.0,139.0,,,,
gad_dt007_5k,50,5,251,0.009587608277797699,67.0,40.0,277.0,182.0,,,,
gad_dt007_5k,50,6,142,0.009709996171295643,76.0,36.0,154.0,132.0,,,,
gad_dt007_5k,50,7,119,0.009835134260356426,41.0,27.0,140.0,106.0,,,,
gad_dt007_5k,50,8,141,0.009843194857239723,55.0,39.0,153.0,124.0,,,,
gad_dt007_5k,50,9,69,0.024770161136984825,65.0,46.0,,,,,,
gad_dt007_5k,50,10,176,0.009460121393203735,68.0,38.0,213.0,137.0,,,,
gad_dt007_5k,50,11,131,0.009898802265524864,56.0,28.0,146.0,146.0,,,,
gad_dt007_5k,50,12,173,0.009868406690657139,66.0,39.0,199.0,148.0,,,,
gad_dt007_5k,50,13,63,0.13112829625606537,,,,,,,,
gad_dt007_5k,50,14,160,0.009938318282365799,56.0,33.0,182.0,145.0,,,,
gad_dt007_5k,50,15,236,0.009925269521772861,77.0,32.0,276.0,193.0,,,,
gad_dt007_5k,50,16,101,0.009930714033544064,53.0,43.0,113.0,96.0,,,,
gad_dt007_5k,50,17,177,0.009718119166791439,66.0,43.0,427.0,218.0,,,,
gad_dt007_5k,50,18,116,0.009960792027413845,46.0,32.0,129.0,108.0,,,,
gad_dt007_5k,50,19,159,0.009979038499295712,93.0,50.0,181.0,146.0,,,,
gad_dt007_5k,50,20,106,0.009669462218880653,38.0,29.0,134.0,94.0,,,,
gad_dt007_5k,50,21,118,0.009804468601942062,39.0,31.0,152.0,119.0,,,,
gad_dt007_5k,50,22,167,0.009850271977484226,62.0,41.0,190.0,149.0,,,,
gad_dt007_5k,50,23,170,0.009913223795592785,54.0,39.0,199.0,121.0,,185.0,,
gad_dt007_5k,50,24,96,0.05603551119565964,221.0,99.0,,,,,,
gad_dt007_5k,50,25,197,0.009939039126038551,79.0,39.0,215.0,154.0,,,,
gad_dt007_5k,50,26,290,0.00999109074473381,110.0,44.0,311.0,215.0,,,,
gad_dt007_5k,50,27,269,0.009806051850318909,126.0,68.0,302.0,235.0,,,,
gad_dt007_5k,50,28,102,0.009965544566512108,71.0,51.0,126.0,95.0,,,,
gad_dt007_5k,50,29,110,0.009845549240708351,67.0,38.0,129.0,98.0,,,,
gad_dt007_5k,100,0,92,0.011616440489888191,66.0,47.0,,465.0,,,,
gad_dt007_5k,100,1,258,0.01224154606461525,99.0,52.0,,444.0,,,,
gad_dt007_5k,100,2,255,0.009986940771341324,68.0,55.0,485.0,226.0,,415.0,,
gad_dt007_5k,100,3,51,0.09571777284145355,,79.0,,,,,,
gad_dt007_5k,100,4,256,0.009969345293939114,122.0,71.0,306.0,211.0,,,,
gad_dt007_5k,100,5,355,0.009161945432424545,117.0,78.0,375.0,266.0,,,,
gad_dt007_5k,100,6,183,0.009858404286205769,106.0,66.0,224.0,199.0,,,,
gad_dt007_5k,100,7,149,0.1601257175207138,,,,,,,,
gad_dt007_5k,100,8,182,0.009856783784925938,93.0,58.0,198.0,166.0,,,,
gad_dt007_5k,100,9,93,0.02608805149793625,88.0,71.0,,,,,,
gad_dt007_5k,100,10,249,0.009775696322321892,107.0,66.0,420.0,235.0,,,,
gad_dt007_5k,100,11,246,0.009985274635255337,89.0,66.0,290.0,225.0,,,,
gad_dt007_5k,100,12,298,0.009378443472087383,118.0,81.0,336.0,258.0,,,,
gad_dt007_5k,100,13,64,0.13464148342609406,,,,,,,,
gad_dt007_5k,100,14,221,0.009869139641523361,105.0,70.0,244.0,214.0,,,,
gad_dt007_5k,100,15,343,0.00978655181825161,138.0,77.0,391.0,293.0,,,,
gad_dt007_5k,100,16,137,0.009699095040559769,72.0,61.0,148.0,125.0,,,,
gad_dt007_5k,100,17,189,0.11537295579910278,,182.0,,,,,,
gad_dt007_5k,100,18,169,0.009551869705319405,78.0,60.0,202.0,153.0,,,,
gad_dt007_5k,100,19,235,0.009911008179187775,121.0,87.0,258.0,192.0,,254.0,,
gad_dt007_5k,100,20,192,0.01381495501846075,939.0,292.0,2566.0,2456.0,,,,
gad_dt007_5k,100,21,277,0.009952080436050892,56.0,43.0,342.0,243.0,,,,
gad_dt007_5k,100,22,273,0.009906223975121975,100.0,72.0,305.0,262.0,,,,
gad_dt007_5k,100,23,266,0.009938393719494343,108.0,76.0,311.0,227.0,,,,
gad_dt007_5k,100,24,134,0.0565161257982254,,137.0,,,,,,
gad_dt007_5k,100,25,256,0.009981305338442326,136.0,66.0,323.0,231.0,,,,
gad_dt007_5k,100,26,431,0.009250128641724586,239.0,93.0,449.0,376.0,,,,
gad_dt007_5k,100,27,379,0.009913682006299496,205.0,135.0,413.0,340.0,,,,
gad_dt007_5k,100,28,3,2.2021799087524414,,,,,,,,
gad_dt007_5k,100,29,119,0.08454436808824539,,421.0,,,,,,
gad_dt007_5k,150,0,37,2.030602216720581,,,,,,,,
gad_dt007_5k,150,1,175,0.025761514902114868,120.0,70.0,,,,,,
gad_dt007_5k,150,2,123,0.15096977353096008,,,,,,,,
gad_dt007_5k,150,3,69,0.09349186718463898,,126.0,,,,,,
gad_dt007_5k,150,4,374,0.009677330031991005,164.0,99.0,444.0,303.0,,,,
gad_dt007_5k,150,5,409,0.009647290222346783,178.0,111.0,433.0,333.0,,,,
gad_dt007_5k,150,6,248,0.00962715595960617,124.0,91.0,289.0,248.0,,,,
gad_dt007_5k,150,7,95,0.17340439558029175,,,,,,,,
gad_dt007_5k,150,8,211,0.00983151700347662,118.0,72.0,226.0,191.0,,,,
gad_dt007_5k,150,9,110,0.025211313739418983,106.0,88.0,,,,,,
gad_dt007_5k,150,10,77,5.424117088317871,,,,,,,,
gad_dt007_5k,150,11,387,0.009435729123651981,121.0,108.0,432.0,305.0,,430.0,,
gad_dt007_5k,150,12,100,0.07521121948957443,,460.0,,,,,,
gad_dt007_5k,150,13,72,0.13144998252391815,,,,,,,,
gad_dt007_5k,150,14,16,1.702690839767456,,,,,,,,
gad_dt007_5k,150,15,430,0.009984892792999744,186.0,125.0,492.0,378.0,,,,
gad_dt007_5k,150,16,156,0.009974665008485317,85.0,74.0,174.0,144.0,,,,
gad_dt007_5k,150,17,231,0.11413094401359558,,212.0,,,,,,
gad_dt007_5k,150,18,240,0.009385781362652779,101.0,82.0,270.0,191.0,,,,
gad_dt007_5k,150,19,279,0.009952693246304989,139.0,108.0,302.0,228.0,,,,
gad_dt007_5k,150,20,280,0.08122916519641876,,310.0,,,,,,
gad_dt007_5k,150,21,335,0.009838002733886242,76.0,52.0,489.0,355.0,,,,
gad_dt007_5k,150,22,697,0.009946836158633232,441.0,330.0,739.0,638.0,,,,
gad_dt007_5k,150,23,422,0.009939778596162796,229.0,186.0,473.0,375.0,,,,
gad_dt007_5k,150,24,153,0.05623329430818558,,155.0,,,,,,
gad_dt007_5k,150,25,318,0.009958911687135696,169.0,97.0,378.0,272.0,,,,
gad_dt007_5k,150,26,51,0.013358071446418762,1535.0,322.0,,1926.0,,,,
gad_dt007_5k,150,27,453,0.00973273441195488,262.0,189.0,497.0,418.0,,,,
gad_dt007_5k,150,28,3,2.4457640647888184,,,,,,,,
gad_dt007_5k,150,29,255,0.009986373595893383,122.0,96.0,495.0,272.0,,,,
gad_dt007_5k,200,0,31,2.023554563522339,,,,,,,,
gad_dt007_5k,200,1,233,0.02586943283677101,156.0,97.0,,,,,,
gad_dt007_5k,200,2,107,0.1546989381313324,,,,,,,,
gad_dt007_5k,200,3,84,0.09728024154901505,,167.0,,,,,,
gad_dt007_5k,200,4,464,0.0098996227607131,197.0,124.0,511.0,379.0,,,,
gad_dt007_5k,200,5,336,0.01042198296636343,1963.0,816.0,4879.0,3931.0,,,,
gad_dt007_5k,200,6,293,0.009909923188388348,138.0,114.0,347.0,294.0,,,,
gad_dt007_5k,200,7,108,0.1510329693555832,,,,,,,,
gad_dt007_5k,200,8,228,0.009983908385038376,142.0,93.0,249.0,212.0,,,,
gad_dt007_5k,200,9,123,0.026141081005334854,119.0,102.0,,,,,,
gad_dt007_5k,200,10,4,3.9033522605895996,,,,,,,,
gad_dt007_5k,200,11,423,0.009851374663412571,140.0,132.0,469.0,340.0,,,,
gad_dt007_5k,200,12,88,0.07796458899974823,,457.0,,,,,,
gad_dt007_5k,200,13,99,0.13561998307704926,,,,,,,,
gad_dt007_5k,200,14,7,0.1492435783147812,,,,,,,,
gad_dt007_5k,200,15,209,0.00998252909630537,515.0,319.0,3152.0,1079.0,,2803.0,,
gad_dt007_5k,200,16,172,0.009908993728458881,93.0,82.0,191.0,155.0,,,,
gad_dt007_5k,200,17,286,0.11207094043493271,,244.0,,,,,,
gad_dt007_5k,200,18,14,1.4128365516662598,,,,,,,,
gad_dt007_5k,200,19,509,0.009993412531912327,908.0,479.0,3842.0,3190.0,,,,
gad_dt007_5k,200,20,17,2.6511600017547607,,,,,,,,
gad_dt007_5k,200,21,483,0.009851135313510895,116.0,60.0,594.0,442.0,,,,
gad_dt007_5k,200,22,260,0.017639419063925743,600.0,317.0,,3431.0,,,,
gad_dt007_5k,200,23,82,0.026568753644824028,1410.0,1224.0,,2231.0,,,,
gad_dt007_5k,200,24,176,0.05487022548913956,,178.0,,,,,,
gad_dt007_5k,200,25,27,0.03694303333759308,2125.0,782.0,,,,,,
gad_dt007_5k,200,26,49,0.013338567689061165,1429.0,381.0,,1827.0,,,,
gad_dt007_5k,200,27,526,0.009680797345936298,316.0,238.0,559.0,483.0,,,,
gad_dt007_5k,200,28,32,1.5398688316345215,,,,,,,,
gad_dt007_5k,200,29,290,0.009832652285695076,147.0,129.0,536.0,421.0,,,,
gad_adaptive_dt,10,0,209,0.00995076447725296,16.0,10.0,324.0,104.0,,,,
gad_adaptive_dt,10,1,261,0.012037571519613266,97.0,69.0,,417.0,,,,
gad_adaptive_dt,10,2,406,0.009856917895376682,146.0,107.0,460.0,386.0,,,,
gad_adaptive_dt,10,3,625,0.009960807859897614,178.0,93.0,714.0,526.0,,,,
gad_adaptive_dt,10,4,58,0.009530426003038883,12.0,9.0,66.0,45.0,,,,
gad_adaptive_dt,10,5,10,5.414721488952637,,,,,,,,
gad_adaptive_dt,10,6,147,0.009990138933062553,127.0,97.0,814.0,391.0,,,,
gad_adaptive_dt,10,7,238,0.009975982829928398,111.0,93.0,293.0,225.0,,,,
gad_adaptive_dt,10,8,561,0.009993732906877995,271.0,140.0,636.0,516.0,,,,
gad_adaptive_dt,10,9,185,0.030294368043541908,103.0,61.0,,,,,,
gad_adaptive_dt,10,10,138,0.009912018664181232,22.0,17.0,170.0,88.0,,,,
gad_adaptive_dt,10,11,430,0.00980371329933405,98.0,73.0,499.0,304.0,,,,
gad_adaptive_dt,10,12,84,0.00996563769876957,24.0,18.0,100.0,58.0,,,,
gad_adaptive_dt,10,13,175,0.014901136979460716,120.0,98.0,,542.0,,,,
gad_adaptive_dt,10,14,170,0.009921126067638397,81.0,44.0,300.0,168.0,,,,
gad_adaptive_dt,10,15,253,0.009925469756126404,142.0,116.0,1012.0,412.0,,,,
gad_adaptive_dt,10,16,456,0.009967319667339325,150.0,110.0,513.0,420.0,,,,
gad_adaptive_dt,10,17,177,0.00969566497951746,43.0,25.0,254.0,152.0,,,,
gad_adaptive_dt,10,18,403,0.009956934489309788,161.0,93.0,458.0,316.0,,,,
gad_adaptive_dt,10,19,297,0.00994192622601986,67.0,51.0,358.0,209.0,,,,
gad_adaptive_dt,10,20,103,0.009761734865605831,31.0,23.0,121.0,99.0,,,,
gad_adaptive_dt,10,21,96,0.00993899255990982,31.0,27.0,125.0,79.0,,,,
gad_adaptive_dt,10,22,479,0.009966941550374031,127.0,109.0,555.0,406.0,,,,
gad_adaptive_dt,10,23,64,0.009900564327836037,23.0,13.0,72.0,47.0,,,,
gad_adaptive_dt,10,24,43,0.04995639994740486,708.0,280.0,,,,,,
gad_adaptive_dt,10,25,250,0.009820089675486088,32.0,23.0,319.0,125.0,,255.0,,
gad_adaptive_dt,10,26,91,0.009825385175645351,16.0,8.0,113.0,47.0,,101.0,,
gad_adaptive_dt,10,27,220,0.009953897446393967,22.0,15.0,268.0,151.0,,,,
gad_adaptive_dt,10,28,388,0.009781645610928535,142.0,89.0,461.0,311.0,,,,
gad_adaptive_dt,10,29,1,1.7282824516296387,,,,,,,,
gad_adaptive_dt,30,0,215,0.01137082651257515,34.0,28.0,,127.0,,,,
gad_adaptive_dt,30,1,373,0.013060390949249268,282.0,178.0,,1298.0,,,,
gad_adaptive_dt,30,2,549,0.009975356981158257,342.0,283.0,1100.0,766.0,,,,
gad_adaptive_dt,30,3,719,0.009974095970392227,504.0,342.0,1586.0,969.0,,,,
gad_adaptive_dt,30,4,100,0.009611310437321663,39.0,27.0,106.0,82.0,,,,
gad_adaptive_dt,30,5,0,5.437201023101807,,,,,,,,
gad_adaptive_dt,30,6,159,0.009923579171299934,539.0,236.0,1285.0,951.0,,,,
gad_adaptive_dt,30,7,294,0.009924397803843021,198.0,170.0,860.0,564.0,,,,
gad_adaptive_dt,30,8,509,0.009828428737819195,464.0,360.0,1430.0,1111.0,,,,
gad_adaptive_dt,30,9,404,0.030060473829507828,339.0,214.0,,,,,,
gad_adaptive_dt,30,10,252,0.009742854163050652,88.0,48.0,287.0,188.0,,,,
gad_adaptive_dt,30,11,603,0.009997897781431675,349.0,175.0,1030.0,938.0,,,,
gad_adaptive_dt,30,12,187,0.0097709521651268,57.0,41.0,210.0,149.0,,,,
gad_adaptive_dt,30,13,362,0.014517059549689293,275.0,228.0,,1212.0,,,,
gad_adaptive_dt,30,14,186,0.009816475212574005,161.0,111.0,639.0,463.0,,,,
gad_adaptive_dt,30,15,327,0.01234280876815319,346.0,246.0,,1456.0,,,,
gad_adaptive_dt,30,16,687,0.009763623587787151,319.0,259.0,731.0,639.0,,,,
gad_adaptive_dt,30,17,237,0.009999807924032211,150.0,98.0,972.0,419.0,,,,
gad_adaptive_dt,30,18,497,0.009983941912651062,353.0,221.0,1050.0,779.0,,,,
gad_adaptive_dt,30,19,547,0.00980208907276392,275.0,124.0,584.0,488.0,,,,
gad_adaptive_dt,30,20,215,0.009962791576981544,76.0,64.0,249.0,205.0,,,,
gad_adaptive_dt,30,21,179,0.009795667603611946,70.0,56.0,213.0,145.0,,,,
gad_adaptive_dt,30,22,623,0.009924742393195629,417.0,277.0,1301.0,932.0,,,,
gad_adaptive_dt,30,23,147,0.00992259569466114,50.0,33.0,174.0,108.0,,,,
gad_adaptive_dt,30,24,128,0.05107256770133972,1023.0,469.0,,,,,,
gad_adaptive_dt,30,25,413,0.009852373972535133,115.0,68.0,457.0,262.0,,,,
gad_adaptive_dt,30,26,206,0.009613567031919956,56.0,29.0,235.0,135.0,,,,
gad_adaptive_dt,30,27,426,0.009671300649642944,144.0,67.0,478.0,340.0,,,,
gad_adaptive_dt,30,28,543,0.009968374855816364,274.0,197.0,1045.0,770.0,,,,
gad_adaptive_dt,30,29,15,1.727189064025879,,,,,,,,
gad_adaptive_dt,50,0,200,0.011406787671148777,49.0,40.0,,171.0,,,,
gad_adaptive_dt,50,1,387,0.014371978119015694,420.0,272.0,,,,,,
gad_adaptive_dt,50,2,497,0.010674452409148216,445.0,390.0,,1115.0,,,,
gad_adaptive_dt,50,3,365,0.09639579802751541,,619.0,,,,,,
gad_adaptive_dt,50,4,137,0.009624438360333443,67.0,44.0,151.0,116.0,,,,
gad_adaptive_dt,50,5,0,4.202995300292969,,,,,,,,
gad_adaptive_dt,50,6,165,0.009975987486541271,754.0,360.0,1523.0,1305.0,,,,
gad_adaptive_dt,50,7,359,0.009970671497285366,322.0,214.0,1109.0,868.0,,,,
gad_adaptive_dt,50,8,516,0.009843375533819199,667.0,496.0,1855.0,1509.0,,,,
gad_adaptive_dt,50,9,503,0.031771544367074966,457.0,327.0,,,,,,
gad_adaptive_dt,50,10,309,0.009768936783075333,128.0,72.0,413.0,262.0,,,,
gad_adaptive_dt,50,11,631,0.009973880834877491,525.0,266.0,1373.0,1345.0,,,,
gad_adaptive_dt,50,12,265,0.009904286824166775,100.0,64.0,298.0,228.0,,,,
gad_adaptive_dt,50,13,81,0.13178910315036774,,,,,,,,
gad_adaptive_dt,50,14,204,0.009857138618826866,274.0,176.0,844.0,695.0,,,,
gad_adaptive_dt,50,15,323,0.019434474408626556,886.0,367.0,,,,,,
gad_adaptive_dt,50,16,745,0.009883550927042961,429.0,348.0,912.0,788.0,,,,
gad_adaptive_dt,50,17,279,0.009957429952919483,227.0,151.0,1407.0,727.0,,,,
gad_adaptive_dt,50,18,512,0.009994929656386375,474.0,332.0,1323.0,1101.0,,,,
gad_adaptive_dt,50,19,616,0.009955089539289474,363.0,192.0,760.0,602.0,,,,
gad_adaptive_dt,50,20,297,0.009930887259542942,109.0,83.0,346.0,266.0,,,,
gad_adaptive_dt,50,21,275,0.009832987561821938,92.0,73.0,347.0,274.0,,,,
gad_adaptive_dt,50,22,573,0.009749523364007473,629.0,410.0,1921.0,1473.0,,,,
gad_adaptive_dt,50,23,212,0.009902439080178738,66.0,46.0,246.0,150.0,,227.0,,
gad_adaptive_dt,50,24,141,0.05177297070622444,1273.0,593.0,,,,,,
gad_adaptive_dt,50,25,495,0.009601130150258541,198.0,100.0,536.0,378.0,,,,
gad_adaptive_dt,50,26,286,0.009937264956533909,116.0,47.0,310.0,217.0,,,,
gad_adaptive_dt,50,27,527,0.00987231731414795,225.0,113.0,573.0,447.0,,,,
gad_adaptive_dt,50,28,578,0.009986696764826775,427.0,294.0,1600.0,1080.0,,,,
gad_adaptive_dt,50,29,1,1.725804328918457,,,,,,,,
gad_adaptive_dt,100,0,124,0.011625370010733604,89.0,65.0,,584.0,,,,
gad_adaptive_dt,100,1,401,0.021850477904081345,850.0,446.0,,,,,,
gad_adaptive_dt,100,2,441,0.022674091160297394,721.0,577.0,,,,,,
gad_adaptive_dt,100,3,523,0.09541361778974533,,913.0,,,,,,
gad_adaptive_dt,100,4,233,0.009647578001022339,124.0,83.0,255.0,188.0,,,,
gad_adaptive_dt,100,5,5,5.423648357391357,,,,,,,,
gad_adaptive_dt,100,6,180,0.010889003053307533,1058.0,653.0,,1948.0,,,,
gad_adaptive_dt,100,7,67,0.15909825265407562,,,,,,,,
gad_adaptive_dt,100,8,584,0.01723836548626423,1178.0,763.0,,,,,,
gad_adaptive_dt,100,9,650,0.030478497967123985,630.0,495.0,,,,,,
gad_adaptive_dt,100,10,330,0.009892747737467289,195.0,118.0,854.0,444.0,,,,
gad_adaptive_dt,100,11,644,0.014650192111730576,831.0,607.0,,,,,,
gad_adaptive_dt,100,12,388,0.009844566695392132,193.0,137.0,515.0,408.0,,,,
gad_adaptive_dt,100,13,124,0.1300140768289566,,,,,,,,
gad_adaptive_dt,100,14,294,0.009957382455468178,554.0,393.0,1188.0,1064.0,,,,
gad_adaptive_dt,100,15,315,0.03545764833688736,1569.0,857.0,,,,,,
gad_adaptive_dt,100,16,710,0.0099380724132061,595.0,505.0,1215.0,1025.0,,,,
gad_adaptive_dt,100,17,229,0.05262376368045807,,536.0,,,,,,
gad_adaptive_dt,100,18,522,0.00983662623912096,808.0,616.0,1966.0,1573.0,,,,
gad_adaptive_dt,100,19,515,0.00998599361628294,444.0,305.0,1071.0,769.0,,1049.0,,
gad_adaptive_dt,100,20,3,0.11501400917768478,,,,,,,,
gad_adaptive_dt,100,21,274,0.009987365454435349,130.0,101.0,788.0,566.0,,,,
gad_adaptive_dt,100,22,525,0.021329496055841446,976.0,702.0,,,,,,
gad_adaptive_dt,100,23,313,0.009920029900968075,126.0,87.0,356.0,265.0,,,,
gad_adaptive_dt,100,24,141,0.05147270858287811,,779.0,,,,,,
gad_adaptive_dt,100,25,542,0.009883995167911053,332.0,165.0,796.0,558.0,,,,
gad_adaptive_dt,100,26,459,0.00973124336451292,276.0,113.0,480.0,409.0,,,,
gad_adaptive_dt,100,27,633,0.00991731509566307,328.0,197.0,743.0,601.0,,,,
gad_adaptive_dt,100,28,327,2.0182080268859863,,,,,,,,
gad_adaptive_dt,100,29,0,1.722293496131897,,,,,,,,
gad_adaptive_dt,150,0,376,1.4464367628097534,,,,,,,,
gad_adaptive_dt,150,1,537,0.029009971767663956,1052.0,615.0,,,,,,
gad_adaptive_dt,150,2,199,0.18868938088417053,,,,,,,,
gad_adaptive_dt,150,3,578,0.09818289428949356,,1426.0,,,,,,
gad_adaptive_dt,150,4,332,0.009464030154049397,173.0,123.0,371.0,273.0,,,,
gad_adaptive_dt,150,5,0,5.458298683166504,,,,,,,,
gad_adaptive_dt,150,6,199,0.017694901674985886,1239.0,901.0,,,,,,
gad_adaptive_dt,150,7,2,0.17066943645477295,,,,,,,,
gad_adaptive_dt,150,8,44,0.025876199826598167,1451.0,929.0,,,,,,
gad_adaptive_dt,150,9,738,0.03065679408609867,733.0,608.0,,,,,,
gad_adaptive_dt,150,10,26,4.196846008300781,,,,,,,,
gad_adaptive_dt,150,11,625,0.022770317271351814,1084.0,950.0,,,,,,
gad_adaptive_dt,150,12,306,3.1966049671173096,,544.0,,,,,,
gad_adaptive_dt,150,13,318,0.134596586227417,,,,,,,,
gad_adaptive_dt,150,14,219,1.31925630569458,,,,,,,,
gad_adaptive_dt,150,15,2,0.6392576694488525,,,,,,,,
gad_adaptive_dt,150,16,794,0.009965154342353344,711.0,620.0,1443.0,1193.0,,,,
gad_adaptive_dt,150,17,265,0.053468912839889526,,629.0,,,,,,
gad_adaptive_dt,150,18,33,0.01612536609172821,1041.0,838.0,,1944.0,,,,
gad_adaptive_dt,150,19,430,0.009979881346225739,499.0,363.0,1244.0,903.0,,,,
gad_adaptive_dt,150,20,66,0.0843503549695015,,812.0,,,,,,
gad_adaptive_dt,150,21,269,0.009938791394233704,174.0,121.0,1131.0,820.0,,,,
gad_adaptive_dt,150,22,1,0.028564687818288803,1924.0,1879.0,,,,,,
gad_adaptive_dt,150,23,11,1.6332762241363525,,,,,,,,
gad_adaptive_dt,150,24,126,0.05283469334244728,,886.0,,,,,,
gad_adaptive_dt,150,25,650,0.009962083771824837,404.0,237.0,921.0,657.0,,,,
gad_adaptive_dt,150,26,72,0.09236789494752884,,1679.0,,,,,,
gad_adaptive_dt,150,27,635,0.009623541496694088,393.0,255.0,858.0,710.0,,,,
gad_adaptive_dt,150,28,18,0.43658313155174255,,,,,,,,
gad_adaptive_dt,150,29,23,0.4157973825931549,,176.0,,,,,,
gad_adaptive_dt,200,0,11,1.957294225692749,,,,,,,,
gad_adaptive_dt,200,1,537,0.0355071946978569,1377.0,846.0,,,,,,
gad_adaptive_dt,200,2,137,0.1800837367773056,,,,,,,,
gad_adaptive_dt,200,3,616,0.09724617749452591,,1844.0,,,,,,
gad_adaptive_dt,200,4,411,0.009522804990410805,215.0,159.0,456.0,349.0,,,,
gad_adaptive_dt,200,5,0,0.2708241641521454,,,,,,,,
gad_adaptive_dt,200,6,231,0.021881643682718277,1376.0,1122.0,,,,,,
gad_adaptive_dt,200,7,251,0.18176576495170593,,,,,,,,
gad_adaptive_dt,200,8,49,0.034833021461963654,1693.0,1131.0,,,,,,
gad_adaptive_dt,200,9,803,0.03153395280241966,810.0,697.0,,,,,,
gad_adaptive_dt,200,10,38,3.529979705810547,,,,,,,,
gad_adaptive_dt,200,11,605,0.028503425419330597,1278.0,1195.0,,,,,,
gad_adaptive_dt,200,12,282,3.2401559352874756,,524.0,,,,,,
gad_adaptive_dt,200,13,260,0.13311433792114258,,,,,,,,
gad_adaptive_dt,200,14,24,3.2626636028289795,,,,,,,,
gad_adaptive_dt,200,15,2,8.096575736999512,,,,,,,,
gad_adaptive_dt,200,16,827,0.00997156836092472,796.0,702.0,1610.0,1300.0,,,,
gad_adaptive_dt,200,17,280,0.053523652255535126,,731.0,,,,,,
gad_adaptive_dt,200,18,167,0.8594313263893127,,,,,,,,
gad_adaptive_dt,200,19,92,0.0785040408372879,,326.0,,,,,,
gad_adaptive_dt,200,20,8,2.1660683155059814,,,,,,,,
gad_adaptive_dt,200,21,279,0.009696847759187222,271.0,141.0,1377.0,1021.0,,,,
gad_adaptive_dt,200,22,1,0.007850030437111855,1001.0,883.0,1335.0,1252.0,,1494.0,,
gad_adaptive_dt,200,23,121,0.05570865049958229,,1192.0,,,,,,
gad_adaptive_dt,200,24,97,0.05193880572915077,,949.0,,,,,,
gad_adaptive_dt,200,25,104,0.19651320576667786,,,,,,,,
gad_adaptive_dt,200,26,46,0.08373755216598511,,1643.0,,,,,,
gad_adaptive_dt,200,27,8,0.18489471077919006,,,,,,,,
gad_adaptive_dt,200,28,55,0.4138734042644501,,,,,,,,
gad_adaptive_dt,200,29,0,5.521824359893799,,,,,,,,
gad_dt001_20k,10,0,145,0.009938056580722332,88.0,59.0,1724.0,534.0,,,,
gad_dt001_20k,10,1,217,0.01198248565196991,79.0,57.0,,350.0,,,,
gad_dt001_20k,10,2,260,0.0099645359441638,95.0,69.0,294.0,246.0,,,,
gad_dt001_20k,10,3,372,0.009962145239114761,106.0,55.0,426.0,312.0,,,,
gad_dt001_20k,10,4,404,0.00979786179959774,98.0,77.0,617.0,414.0,,,,
gad_dt001_20k,10,5,217,0.00984284933656454,93.0,64.0,865.0,514.0,,,,
gad_dt001_20k,10,6,112,0.00993578415364027,88.0,69.0,577.0,275.0,,,,
gad_dt001_20k,10,7,207,0.009832264855504036,95.0,79.0,252.0,193.0,,,,
gad_dt001_20k,10,8,339,0.009549230337142944,157.0,81.0,378.0,299.0,,,,
gad_dt001_20k,10,9,183,0.0278399009257555,102.0,60.0,,,,,,
gad_dt001_20k,10,10,117,0.009237305261194706,76.0,58.0,577.0,311.0,,,,
gad_dt001_20k,10,11,322,0.009713630191981792,73.0,54.0,376.0,227.0,,,,
gad_dt001_20k,10,12,260,0.0099644148722291,109.0,78.0,445.0,263.0,,,,
gad_dt001_20k,10,13,106,0.015108340419828892,69.0,56.0,,307.0,,,,
gad_dt001_20k,10,14,252,0.0099674416705966,124.0,68.0,456.0,261.0,,,,
gad_dt001_20k,10,15,207,0.009965644218027592,86.0,70.0,609.0,251.0,,,,
gad_dt001_20k,10,16,402,0.009904573671519756,133.0,97.0,452.0,370.0,,,,
gad_dt001_20k,10,17,303,0.009988879784941673,95.0,55.0,521.0,324.0,,,,
gad_dt001_20k,10,18,278,0.009915546514093876,109.0,64.0,312.0,218.0,,,,
gad_dt001_20k,10,19,218,0.00999984797090292,105.0,79.0,563.0,329.0,,,,
gad_dt001_20k,10,20,248,0.009857455268502235,76.0,58.0,293.0,238.0,,,,
gad_dt001_20k,10,21,251,0.009941334836184978,92.0,81.0,371.0,240.0,,,,
gad_dt001_20k,10,22,332,0.00991465151309967,88.0,76.0,386.0,280.0,,,,
gad_dt001_20k,10,23,370,0.009911168366670609,130.0,71.0,417.0,262.0,,,,
gad_dt001_20k,10,24,43,0.054544370621442795,768.0,305.0,,,,,,
gad_dt001_20k,10,25,114,0.00990754272788763,90.0,63.0,846.0,347.0,,734.0,,
gad_dt001_20k,10,26,172,0.009972631931304932,114.0,62.0,708.0,348.0,,708.0,,
gad_dt001_20k,10,27,105,0.009968227706849575,74.0,51.0,910.0,516.0,,,,
gad_dt001_20k,10,28,224,0.009981246665120125,84.0,53.0,266.0,181.0,,,,
gad_dt001_20k,10,29,449,0.009751358069479465,201.0,59.0,479.0,282.0,,447.0,,
gad_dt001_20k,30,0,248,0.011937101371586323,189.0,152.0,,666.0,,,,
gad_dt001_20k,30,1,318,0.01225027535110712,234.0,147.0,,1119.0,,,,
gad_dt001_20k,30,2,403,0.009881941601634026,222.0,184.0,721.0,501.0,,,,
gad_dt001_20k,30,3,547,0.00991921778768301,301.0,205.0,959.0,576.0,,958.0,,
gad_dt001_20k,30,4,270,0.009931543841958046,306.0,210.0,924.0,725.0,,,,
gad_dt001_20k,30,5,368,0.009940369985997677,282.0,167.0,1457.0,938.0,,,,
gad_dt001_20k,30,6,834,0.00995207205414772,381.0,166.0,907.0,671.0,,,,
gad_dt001_20k,30,7,271,0.009999611414968967,172.0,147.0,748.0,478.0,,,,
gad_dt001_20k,30,8,299,0.009941770695149899,262.0,202.0,841.0,643.0,,,,
gad_dt001_20k,30,9,399,0.028340306133031845,335.0,212.0,,,,,,
gad_dt001_20k,30,10,473,0.009947298094630241,314.0,168.0,994.0,682.0,,,,
gad_dt001_20k,30,11,627,0.009976592846214771,261.0,131.0,770.0,707.0,,,,
gad_dt001_20k,30,12,321,0.009923964738845825,239.0,177.0,915.0,645.0,,,,
gad_dt001_20k,30,13,225,0.017216810956597328,161.0,130.0,,693.0,,,,
gad_dt001_20k,30,14,255,0.009891058318316936,231.0,156.0,983.0,689.0,,,,
gad_dt001_20k,30,15,197,0.00996284931898117,210.0,148.0,1407.0,874.0,,,,
gad_dt001_20k,30,16,604,0.009561053477227688,278.0,226.0,647.0,560.0,,,,
gad_dt001_20k,30,17,443,0.009932047687470913,310.0,204.0,1940.0,872.0,,,,
gad_dt001_20k,30,18,358,0.009991003200411797,242.0,151.0,714.0,536.0,,,,
gad_dt001_20k,30,19,272,0.009946777485311031,464.0,211.0,953.0,792.0,,,,
gad_dt001_20k,30,20,514,0.009975357912480831,183.0,156.0,597.0,494.0,,,,
gad_dt001_20k,30,21,484,0.009909483604133129,212.0,171.0,632.0,432.0,,,,
gad_dt001_20k,30,22,577,0.009629935026168823,291.0,194.0,894.0,657.0,,,,
gad_dt001_20k,30,23,416,0.009790104813873768,290.0,188.0,994.0,624.0,,,,
gad_dt001_20k,30,24,143,0.054714374244213104,1091.0,516.0,,,,,,
gad_dt001_20k,30,25,167,0.009762419387698174,313.0,184.0,1302.0,736.0,,,,
gad_dt001_20k,30,26,187,0.009800654835999012,403.0,200.0,1645.0,932.0,,,,
gad_dt001_20k,30,27,156,0.009998317807912827,534.0,263.0,1671.0,1221.0,,,,
gad_dt001_20k,30,28,352,0.009886248037219048,168.0,123.0,614.0,460.0,,,,
gad_dt001_20k,30,29,628,0.009917821735143661,379.0,182.0,678.0,523.0,,,,
gad_dt001_20k,50,0,342,0.012480849400162697,259.0,208.0,,911.0,,,,
gad_dt001_20k,50,1,339,0.01229508314281702,347.0,225.0,,1955.0,,,,
gad_dt001_20k,50,2,419,0.009579000063240528,291.0,254.0,1388.0,731.0,,,,
gad_dt001_20k,50,3,226,0.09228292107582092,,370.0,,,,,,
gad_dt001_20k,50,4,244,0.009945285506546497,515.0,308.0,1292.0,967.0,,,,
gad_dt001_20k,50,5,397,0.009540243074297905,470.0,283.0,1952.0,1268.0,,,,
gad_dt001_20k,50,6,992,0.009919020347297192,531.0,254.0,1072.0,919.0,,,,
gad_dt001_20k,50,7,327,0.0099424934014678,282.0,193.0,945.0,748.0,,,,
gad_dt001_20k,50,8,297,0.009904301725327969,377.0,274.0,1076.0,862.0,,,,
gad_dt001_20k,50,9,499,0.03040236048400402,455.0,322.0,,,,,,
gad_dt001_20k,50,10,568,0.009883166290819645,481.0,267.0,1428.0,974.0,,,,
gad_dt001_20k,50,11,637,0.009946896694600582,393.0,199.0,1029.0,1013.0,,,,
gad_dt001_20k,50,12,334,0.009927632287144661,420.0,265.0,1343.0,993.0,,,,
gad_dt001_20k,50,13,21,0.13130953907966614,,,,,,,,
gad_dt001_20k,50,14,254,0.009907876141369343,377.0,236.0,1242.0,1010.0,,,,
gad_dt001_20k,50,15,197,0.009957467205822468,536.0,223.0,1916.0,1322.0,,,,
gad_dt001_20k,50,16,663,0.009946215897798538,371.0,303.0,794.0,684.0,,,,
gad_dt001_20k,50,17,539,0.009793100878596306,460.0,305.0,2905.0,1502.0,,,,
gad_dt001_20k,50,18,370,0.00987615343183279,324.0,225.0,907.0,752.0,,,,
gad_dt001_20k,50,19,697,0.009919621981680393,640.0,351.0,1267.0,1022.0,,,,
gad_dt001_20k,50,20,621,0.009867789223790169,268.0,210.0,913.0,648.0,,,,
gad_dt001_20k,50,21,480,0.009986287914216518,278.0,222.0,1050.0,824.0,,,,
gad_dt001_20k,50,22,614,0.009885508567094803,441.0,290.0,1334.0,1035.0,,,,
gad_dt001_20k,50,23,404,0.009939503856003284,386.0,269.0,1401.0,873.0,,1314.0,,
gad_dt001_20k,50,24,164,0.05392153188586235,1445.0,662.0,,,,,,
gad_dt001_20k,50,25,181,0.009938724339008331,542.0,272.0,1479.0,1076.0,,,,
gad_dt001_20k,50,26,195,0.009847274050116539,761.0,313.0,2104.0,1474.0,,,,
gad_dt001_20k,50,27,115,0.009855940006673336,874.0,478.0,2091.0,1647.0,,,,
gad_dt001_20k,50,28,390,0.009982442483305931,264.0,185.0,943.0,649.0,,,,
gad_dt001_20k,50,29,691,0.009982164017856121,474.0,271.0,855.0,690.0,,,,
gad_dt001_20k,100,0,519,0.014354550279676914,461.0,329.0,,3154.0,,,,
gad_dt001_20k,100,1,346,0.012395700439810753,696.0,368.0,,3058.0,,,,
gad_dt001_20k,100,2,435,0.009943373501300812,485.0,387.0,3348.0,1559.0,,2909.0,,
gad_dt001_20k,100,3,345,0.09323276579380035,,554.0,,,,,,
gad_dt001_20k,100,4,442,0.009539545513689518,848.0,496.0,2074.0,1464.0,,,,
gad_dt001_20k,100,5,383,0.009773039259016514,813.0,550.0,2550.0,1879.0,,,,
gad_dt001_20k,100,6,1089,0.009932465851306915,746.0,459.0,1492.0,1378.0,,,,
gad_dt001_20k,100,7,35,0.14275196194648743,,,,,,,,
gad_dt001_20k,100,8,321,0.009934576228260994,654.0,413.0,1385.0,1181.0,,,,
gad_dt001_20k,100,9,652,0.02999192103743553,629.0,497.0,,,,,,
gad_dt001_20k,100,10,573,0.00982650462538004,777.0,480.0,2989.0,1645.0,,,,
gad_dt001_20k,100,11,666,0.0094070453196764,629.0,462.0,1970.0,1561.0,,,,
gad_dt001_20k,100,12,389,0.009788070805370808,812.0,563.0,2292.0,1777.0,,,,
gad_dt001_20k,100,13,247,0.12916789948940277,,,,,,,,
gad_dt001_20k,100,14,312,0.009885803796350956,734.0,505.0,1682.0,1510.0,,,,
gad_dt001_20k,100,15,206,0.009856238029897213,963.0,531.0,2699.0,2037.0,,,,
gad_dt001_20k,100,16,829,0.009986585937440395,508.0,431.0,1055.0,883.0,,,,
gad_dt001_20k,100,17,293,0.05273250862956047,,1272.0,,,,,,
gad_dt001_20k,100,18,381,0.009946538135409355,552.0,420.0,1365.0,1073.0,,,,
gad_dt001_20k,100,19,931,0.009961649775505066,837.0,614.0,1814.0,1349.0,,1785.0,,
gad_dt001_20k,100,20,361,0.0681852176785469,,2039.0,,,,,,
gad_dt001_20k,100,21,442,0.009953030385077,394.0,307.0,2385.0,1707.0,,,,
gad_dt001_20k,100,22,621,0.00976599007844925,693.0,502.0,2097.0,1791.0,,,,
gad_dt001_20k,100,23,497,0.009975308552384377,748.0,509.0,2097.0,1501.0,,,,
gad_dt001_20k,100,24,183,0.05521191656589508,,907.0,,,,,,
gad_dt001_20k,100,25,178,0.009959065355360508,942.0,463.0,2261.0,1586.0,,,,
gad_dt001_20k,100,26,208,0.00966334342956543,1565.0,631.0,2989.0,2493.0,,,,
gad_dt001_20k,100,27,151,0.009803947061300278,1433.0,948.0,2886.0,2379.0,,,,
gad_dt001_20k,100,28,207,2.039184093475342,,,,,,,,
gad_dt001_20k,100,29,78,0.08894208818674088,,2900.0,,,,,,
gad_dt001_20k,150,0,30,2.7548601627349854,,,,,,,,
gad_dt001_20k,150,1,469,0.02571908012032509,854.0,494.0,,,,,,
gad_dt001_20k,150,2,109,0.15139970183372498,,,,,,,,
gad_dt001_20k,150,3,195,0.1351080685853958,,,,,,,,
gad_dt001_20k,150,4,194,0.0547415129840374,,1082.0,,,,,,
gad_dt001_20k,150,5,509,0.009888680651783943,499.0,494.0,1315.0,1075.0,,,,
gad_dt001_20k,150,6,308,0.03336755558848381,378.0,383.0,,,,,,
gad_dt001_20k,150,7,148,0.0833791121840477,,,,,,,,
gad_dt001_20k,150,8,120,0.009915918111801147,1073.0,965.0,2171.0,1774.0,,,,
gad_dt001_20k,150,9,148,3.1110246181488037,,,,,,,,
gad_dt001_20k,150,10,442,0.009925665333867073,1587.0,605.0,4334.0,2674.0,,3911.0,,
gad_dt001_20k,150,11,259,0.14771926403045654,,,,,,,,
gad_dt001_20k,150,12,286,0.00994571577757597,650.0,393.0,2235.0,1435.0,,2197.0,,
gad_dt001_20k,150,13,443,0.00997387059032917,664.0,447.0,3610.0,1526.0,,,,
gad_dt001_20k,150,14,244,0.08875486254692078,,4200.0,,,,,,
gad_dt001_20k,150,15,503,0.00992681086063385,1095.0,675.0,2127.0,1621.0,,2125.0,,
gad_dt001_20k,150,16,681,0.009990300051867962,728.0,551.0,4467.0,2211.0,,,,
gad_dt001_20k,150,17,717,0.009945346042513847,774.0,534.0,2272.0,1814.0,,,,
gad_dt001_20k,150,18,305,0.009915251284837723,992.0,688.0,2656.0,2046.0,,,,
gad_dt001_20k,150,19,129,0.0892455130815506,,4613.0,,,,,,
gad_dt001_20k,150,20,459,0.30438846349716187,,,,,,,,
gad_dt001_20k,150,21,439,0.009852223098278046,1297.0,1009.0,3539.0,2698.0,,,,
gad_dt001_20k,150,22,350,0.009994180873036385,920.0,618.0,3544.0,1513.0,,3541.0,,
gad_dt001_20k,150,23,123,0.00996843446046114,613.0,470.0,1687.0,1257.0,,,,
gad_dt001_20k,150,24,282,0.009946029633283615,791.0,551.0,1902.0,1313.0,,,,
gad_dt001_20k,150,25,681,0.009938287548720837,656.0,525.0,1530.0,1452.0,,,,
gad_dt001_20k,150,26,739,0.00999373197555542,727.0,539.0,2733.0,1428.0,,,,
gad_dt001_20k,150,27,313,0.023014897480607033,1505.0,931.0,,3966.0,,,,
gad_dt001_20k,150,28,327,0.00991598516702652,1360.0,793.0,4395.0,3098.0,,,,
gad_dt001_20k,150,29,282,0.07003480195999146,,1566.0,,,,,,
gad_dt001_20k,200,0,34,1.1353638172149658,,,,,,,,
gad_dt001_20k,200,1,472,0.025796758010983467,1093.0,675.0,,,,,,
gad_dt001_20k,200,2,92,0.14998483657836914,,,,,,,,
gad_dt001_20k,200,3,161,0.13370759785175323,,,,,,,,
gad_dt001_20k,200,4,195,0.054585181176662445,,1235.0,,,,,,
gad_dt001_20k,200,5,572,0.009804151952266693,653.0,612.0,1536.0,1317.0,,,,
gad_dt001_20k,200,6,382,0.03218904510140419,1148.0,843.0,,,,,,
gad_dt001_20k,200,7,100,0.08446065336465836,,,,,,,,
gad_dt001_20k,200,8,138,0.009915466420352459,1221.0,1108.0,2364.0,2011.0,,,,
gad_dt001_20k,200,9,154,1.366489291191101,,,,,,,,
gad_dt001_20k,200,10,466,0.00990617461502552,1956.0,881.0,4806.0,3040.0,,4274.0,,
gad_dt001_20k,200,11,373,0.17282842099666595,,,,,,,,
gad_dt001_20k,200,12,300,0.009936497546732426,799.0,461.0,2567.0,1747.0,,2527.0,,
gad_dt001_20k,200,13,358,0.012024830095469952,768.0,530.0,,2760.0,,,,
gad_dt001_20k,200,14,70,0.09867630898952484,,,,,,,,
gad_dt001_20k,200,15,603,0.00990270171314478,1319.0,864.0,2345.0,1843.0,,2342.0,,
gad_dt001_20k,200,16,504,0.010900888592004776,1416.0,941.0,,2863.0,,,,
gad_dt001_20k,200,17,680,0.009906916879117489,1029.0,676.0,2785.0,2178.0,,,,
gad_dt001_20k,200,18,256,0.009930836968123913,1153.0,830.0,3062.0,2389.0,,,,
gad_dt001_20k,200,19,166,0.09132900834083557,,4677.0,,,,,,
gad_dt001_20k,200,20,389,0.2950076758861542,,,,,,,,
gad_dt001_20k,200,21,327,0.08436320722103119,,4419.0,,,,,,
gad_dt001_20k,200,22,378,0.00999449286609888,1021.0,713.0,4922.0,1731.0,,,,
gad_dt001_20k,200,23,126,0.009829044342041016,728.0,571.0,1881.0,1376.0,,,,
gad_dt001_20k,200,24,296,0.00999492034316063,914.0,657.0,2750.0,1555.0,,,,
gad_dt001_20k,200,25,262,0.00994019489735365,1759.0,1076.0,4643.0,3309.0,,,,
gad_dt001_20k,200,26,1,0.009801946580410004,799.0,623.0,2991.0,1603.0,,,,
gad_dt001_20k,200,27,77,0.10505562275648117,,,,,,,,
gad_dt001_20k,200,28,38,0.1210475042462349,,,,,,,,
gad_dt001_20k,200,29,266,0.06953832507133484,,1846.0,,,,,,
sella_libdef_train_trajlog,100,0,12,0.00609429320320487,8.0,7.0,11.0,10.0,,12.0,,
sella_libdef_train_trajlog,100,1,12,0.03040633723139763,12.0,11.0,,,,,,
sella_libdef_train_trajlog,100,2,17,0.007904570549726486,12.0,12.0,17.0,15.0,,17.0,,
sella_libdef_train_trajlog,100,3,23,0.0051132491789758205,19.0,19.0,23.0,21.0,,23.0,,
sella_libdef_train_trajlog,100,4,23,0.008044314570724964,20.0,20.0,23.0,22.0,,24.0,,
sella_libdef_train_trajlog,100,5,71,0.08220575004816055,,,,,,,,
sella_libdef_train_trajlog,100,6,11,0.006704804953187704,8.0,7.0,11.0,10.0,,11.0,,
sella_libdef_train_trajlog,100,7,10,0.005748506169766188,7.0,7.0,10.0,9.0,,10.0,,
sella_libdef_train_trajlog,100,8,9,0.008127623237669468,7.0,6.0,9.0,8.0,,,,
sella_libdef_train_trajlog,100,9,9,0.006818224675953388,8.0,7.0,9.0,8.0,,9.0,,
sella_libdef_train_trajlog,100,10,12,0.10570221394300461,,,,,,,,
sella_libdef_train_trajlog,100,11,16,0.007834691554307938,8.0,7.0,22.0,11.0,,,,
sella_libdef_train_trajlog,100,12,6,0.04208723455667496,7.0,6.0,,,,,,
sella_libdef_train_trajlog,100,13,6,0.007071737665683031,6.0,6.0,6.0,6.0,,,,
sella_libdef_train_trajlog,100,14,8,0.007868361659348011,7.0,7.0,8.0,8.0,,8.0,,
sella_libdef_train_trajlog,100,15,7,0.012113579548895359,6.0,6.0,,8.0,,,,
sella_libdef_train_trajlog,100,16,7,0.0075857327319681644,6.0,6.0,7.0,7.0,,7.0,,
sella_libdef_train_trajlog,100,17,7,0.00811774656176567,6.0,6.0,7.0,6.0,,,,
sella_libdef_train_trajlog,100,18,10,0.007451246492564678,8.0,8.0,10.0,9.0,,10.0,,
sella_libdef_train_trajlog,100,19,14,0.0033289825078099966,13.0,12.0,14.0,13.0,14.0,14.0,,
sella_libdef_train_trajlog,100,20,9,0.005438194144517183,9.0,8.0,9.0,9.0,,9.0,,
sella_libdef_train_trajlog,100,21,12,0.0060852463357150555,12.0,11.0,12.0,12.0,,12.0,,
sella_libdef_train_trajlog,100,22,8,0.007654343731701374,7.0,7.0,8.0,8.0,,8.0,,
sella_libdef_train_trajlog,100,23,7,0.009220513515174389,5.0,5.0,7.0,6.0,,7.0,,
sella_libdef_train_trajlog,100,24,14,0.09152819216251373,,,,,,,,
sella_libdef_train_trajlog,100,25,8,0.0064344159327447414,7.0,6.0,8.0,7.0,,8.0,,
sella_libdef_train_trajlog,100,26,13,0.007771735079586506,11.0,10.0,13.0,11.0,,13.0,,
sella_libdef_train_trajlog,100,27,7,0.00402113888412714,6.0,6.0,7.0,7.0,7.0,7.0,,
sella_libdef_train_trajlog,100,28,10,0.00711118895560503,9.0,9.0,10.0,9.0,,10.0,,
sella_libdef_train_trajlog,100,29,13,0.00514191621914506,11.0,11.0,13.0,13.0,,13.0,,
